Unnamed: 0,ID,partner1,partner2,DDG
73,1AHW,AB,C,-11.54669968
82,1VFB,AB,C,-10.49742849
95,2VIS,AB,C,-7.36000909
98,2VIR,AB,C,-12.27136309
119,1KIQ,AB,C,-9.001808369
122,1KIP,AB,C,-10.69607998
125,1KIR,AB,C,-10.10961151
140,2JEL,LH,P,-11.62081552
163,1NCA,N,LH,-9.954843338
198,1FC2,C,D,-10.66778055
202,3BN9,B,CD,-14.87574842
205,3NPS,A,BC,-13.84268024
208,1DQJ,AB,C,-11.66591477
243,1FCC,A,C,-9.025981273
245,1GC1,G,C,-11.5128531
249,1JRH,LH,I,-10.70023546
252,1DAN,HL,UT,-15.79600761
256,1NMB,N,LH,-10.01068978
259,3HFM,HL,Y,-14.3477851
491,1YY9,CD,A,-12.11146547
499,4GXU,ABCDEF,MN,-11.19094908
503,3LZF,AB,HL,-11.72877795
513,1N8Z,AB,C,-12.11146547
518,3G6D,LH,A,-14.6372576
523,1XGU,AB,C,-11.28831
526,1XGP,AB,C,-7.227873761
529,1XGQ,AB,C,-8.380388992
532,1XGR,AB,C,-9.487955221
535,1XGT,AB,C,-9.426643202
554,3N85,A,LH,-12.410947
582,4I77,HL,Z,-14.99833267
585,2AW2,A,B,-9.077505401
587,3L5X,A,HL,-12.4385654
590,4JPK,HL,A,-10.03594821
595,1BJ1,HL,VW,-11.54669968
598,1CZ8,HL,VW,-13.43560453
601,1MHP,HL,A,-10.86781397
604,2B2X,HL,A,-12.04727048
607,1MLC,AB,E,-11.39402516
610,2NYY,DC,A,-13.50271255
613,2NZ9,DC,A,-13.45276961
618,3NGB,HL,G,-11.23453861
637,2BDN,HL,A,-12.40349842
657,3W2D,A,HL,-12.59494726
677,4KRL,A,B,-9.080203146
679,4KRO,A,B,-8.943220691
683,4KRP,A,B,-9.244279488
693,4NM8,ABCDEF,HL,-11.72877795
728,4U6H,AB,E,-13.69723752
731,4X4M,AB,E,-10.98357534
741,4ZS6,HL,A,-8.870621246
744,5C6T,HL,A,-13.47948785
784,3SE8,HL,G,-9.817989626
787,3SE9,HL,G,-10.36529316
814,1YQV,HL,Y,-15.58389084
